1|Chương 1: Giới thiệu|1
2|Vấn đề kinh tế|0
3|Yếu tố sản xuất – nguồn lực sản xuất|0
4|Đường giới hạn khả năng sản xuất|0
5|Vi mô & vĩ mô|0
6|Thực chứng & chuẩn tắc|0
7|Cơ chế thị trường|0
8|Chương 2: Cung, cầu và cân bằng thị trường|1
9|Kinh tế thị trường|0
10|Cung cầu và thị trường|0
11|Phân tích thặng dư|0
12|Thương mại quốc tế|0
13|Chương 3: Hành vi của nhà sản xuất|1
14|Mối quan hệ giữa sản xuất và chi phí|0
15|Hàm sản xuất|0
16|Chi phí|0
17|Chương 4: Cấu trúc thị trường|1
18|Phân Loại Thị Trường|0
19|Mô Hình Thị Trường Cạnh Tranh Hoàn Hảo|0
20|Mô Hình Độc Quyền Thuần Tuý|0
21|Thị Trường Cạnh Tranh Độc Quyền|0
22|Mô Hình Thị Trường Cạnh Tranh Nhóm|0
23|Chương 5: HỆ THỐNG TÀI KHOẢN THU NHẬP QUỐC DÂN|1
24|Hệ thống tài khoản quốc gia|0
25|Cách tính GDP (danh nghĩa và thực)|0
26|Cách tính các chỉ số khác|0
27|Chương 6: Lạm phát và thất nghiệp|1
28|Chu kỳ kinh tế|0
29|Thất nghiệp|0
30|Lạm phát|0
31|Đường cong Phillips|0
32|Chương 7: Hệ thống tài chính, tiền tệ, ngân hàng|1
33|Hệ thống tài chính|0
34|Hệ thống tiền tệ|0
35|Hệ thống ngân hàng|0
36|Thị trường tiền tệ|0