1|Chương 1: Một số khái niệm chung|1
2|Chương 2: Gía trị theo thời gian của tiền tệ|1
3|Lãi suất danh nghĩa và Lãi suất thực
4|Biểu đồ dòng tiền tệ
5|Cách tính giá trị dòng tiền tệ theo thời gian: hiện tại, tương lai và hàng năm
6|Chương 3, 4, 5: Các phương pháp phân tích so sánh phương án đầu tư|1
7|Phương pháp giá trị tương đương: PW, FW và AW
8|Phương pháp suất thu lợi (IRR)
9|Phương pháp tỷ số lợi ích/chi phí (B/C)
10|Các kỹ thuật phân tích khác (điểm hòa vốn,thời gian bù vốn, ..)
11|Chương 6: Phân tích dự án sau thuế|1
12|Khấu hao
13|Phân tích dự án sau thuế
14|Chương 7: Giá sử dụng vốn|!