1|Chương I: KHÁI NIỆM, ĐỐI TƯỢNG, PHƯƠNG PHÁP NGHIÊN CỨU VÀ Ý NGHĨA HỌC TẬP MÔN TƯ TƯỞNG HỒ CHÍ MINH|1
2|Khái niệm tư tưởngHồ Chí Minh
3|Đối tượng nghiên cứu môn học Tư tưởng Hồ Chí Minh
4|Phương pháp nghiên cứu
5|Ý nghĩa của việc học tập môn học Tư tưởng Hồ Chí Minh
6|Chương II: CƠ SỞ, QUÁ TRÌNH HÌNH THÀNH VÀ PHÁT TRIỂN TƯ TƯỞNG HỒ CHÍ MINH|1
7|Cơ sở hình thành tư tưởng Hồ Chí Minh
8|Quá trình hình thành và phát triển tư tưởng Hồ Chí Minh
9|Giá trị tư tưởng Hồ Chí Minh
10|Chương III: TƯ TƯỞNG HỒ CHÍ MINH VỀ ĐỘC LẬP DÂN TỘC VÀ CHỦ NGHĨA XÃ HỘI|1
11|Tư tưởng Hồ Chí Minh về độc lập dân tộc
12|Tư tưởng Hồ Chí Minh về chủ nghĩa xã hội và xây dựng chủ nghĩa xã hội ở Việt Nam
13|Tư tưởng Hồ Chí Minh về mối quan hệ giữa độc lập dân tộc và chủ nghĩa xã hội
14|Vận dụng tư tưởng Hồ Chí Minh về độc lập dân tộc gắn liền với chủ nghĩa xã hội trong sự nghiệp cách mạng Việt Nam giai đoạn hiện nay
15|Chương IV: TƯ TƯỞNG HỒ CHÍ MINH VỀ ĐẢNG CỘNG SẢN VIỆT NAM VÀ NHÀ NƯỚC CỦA DÂN, DO DÂN, VÌ DÂN|1
16|Tư tưởng Hồ Chí Minh về Đảng Cộng sản Việt Nam
17|Tư tưởng Hồ Chí Minh về nhà nước của nhân dân, do nhân dân, vì nhân dân
18|Vận dụng tư tưởng Hồ Chí Minh vào xây dựng đảng và xây dựng nhà nước
19|Chương V: TƯ TƯỞNG HỒ CHÍ MINH VỀ ĐẠI ĐOÀN KẾT TOÀN DÂN TỘC VÀ ĐOÀN KẾT QUỐC TẾ|1
20|Tư tưởng Hồ Chí Minh về đại đoàn kết toàn dân tộc
21|Tư tưởng Hồ Chí Minh về đoàn kết quốc tế
22|Vận dụng tư tưởng Hồ Chí Minh về đại đoàn kết dân tộc và đoàn kết quốc tế trong giai đoạn hiện nay
23|Chương VI: TƯ TƯỞNG HỒ CHÍ MINH VỀ VĂN HÓA, ĐẠO ĐỨC, CON NGƯỜI|1
24|TƯ TƯỞNG HỒ CHÍ MINH VỀ VĂN HÓA
25|Tư tưởng Hồ Chí Minh về đạo đức
26|Tư tưởng Hồ Chí Minh về con người
27|Xây dựng văn hóa, đạo đức, con người Việt Nam hiện nay theo tư tưởng Hồ Chí Minh