1|CHƯƠNG I. NHỮNG KHÁI NIỆM CHUNG VỀ NHÀ NƯỚC|1
2|Khái niệm và đặc trưng của Nhà nước
3|Chức năng Nhà nước
4|Hình thức và bộ máy Nhà nước
5|Bộ máy Nhà nước Cộng hòa xã hội chủ nghĩa Việt Nam
6|CHƯƠNG II. NHỮNG KHÁI NIỆM CHUNG VỀ PHÁP LUẬT|1
7|Khái niệm, thuộc tính, hình thức pháp luật
8|Quy phạm pháp luật và văn bản quy phạm pháp luật
9|Quan hệ pháp luật
10|Thực hiện pháp luật, vi phạm pháp luật và trách nhiệm pháp lý
11|CHƯƠNG III. PHÁP LUẬT DÂN SỰ VÀ TỐ TỤNG DÂN SỰ|1
12|Những quy định chung của pháp luật dân sự
13|Những chế định cụ thể của pháp luật dân sự
14|Những quy định chung của pháp luật Tố tụng Dân sự
15|Các thủ tục tố tụng
16|CHƯƠNG IV. PHÁP LUẬT LAO ĐỘNG|1
17|Những vấn đề chung
18|Những vấn đề cơ bản được điều chỉnh bởi pháp luật lao động
19|CHƯƠNG V. PHÁP LUẬT HÌNH SỰ VÀ TỐ TỤNG HÌNH SỰ|1
20|Khái niệm chung về Luật Hình sự
21|Một số tội phạm trong Bộ luật Hình sự
22|Khái quát về Luật Tố tụng Hình sự
23|Nhiệm vụ của Luật Tố tụng Hình sự
24|Thủ tục giải quyết vụ án hình sự
25|Luật Phòng, chống tham nhũng
26|CHƯƠNG VI. PHÁP LUẬT HÀNH CHÍNH VÀ TỐ TỤNG HÀNH CHÍNH|1
27|Các vấn đề chung của Luật Hành chính
28|Nội dung cơ bản của Luật Hành chính
29|Các vấn đề chung của Luật Tố tụng Hành chính
30|Thủ tục giải quyết các vụ án hành chính
31|CHƯƠNG VII. PHÁP LUẬT KINH DOANH|1
32|Khái quát về pháp luật doanh nghiệp và các loại hình doanh nghiệp
33|Những vấn đề pháp lí cơ bản về các loại hình doanh nghiệp
34|Thành lập doanh nghiệp, tổ chức lại doanh nghiệp và chấm dứt doanh nghiệp
35|Pháp luật thương mại
36|Pháp luật cạnh tranh
37|Pháp luật ngân sách nhà nước
38|Pháp luật thuế
39|Pháp luật ngân hàng
40|CHƯƠNG VIII. PHÁP LUẬT ĐẤT ĐAI, MÔI TRƯỜNG|1
41|Tổng quan về Luật Đất đai
42|Những nội dung cơ bản của Luật Đất đai
43|Quyền và nghĩa vụ của người sử dụng đất
44|Tổng quan Luật Môi trường
45|Những nội dung cơ bản của Luật Môi trường