1|CHƯƠNG 1: NHẬP MÔN CNXHKH|1
2|Sự ra đời của CNXHKH
3|Các giai đoạn phát triển cơ bản của CNXHKH
4|Đối tượng, phương pháp và ý nghĩa của việc nghiên cứu CNXHKH
5|CHƯƠNG 2: SỨ MỆNH LỊCH SỬ CỦA GIAI CẤP CÔNG NHÂN|1
6|Quan điểm cơ bản của chủ nghĩa Mác - Lênin về giai cấp công nhân và sứ mệnh lịch sử thế giới của giai cấp công nhân
7|Giai cấp công nhân và việc thực hiện sứ mệnh lịch sử của giai cấp công nhân hiện nay
8|Sứ mệnh lịch sử của giai cấp công nhân Việt Nam
9|CHƯƠNG 3: CHỦ NGHĨA XÃ HỘI VÀ THỜI KỲ QUÁ ĐỘ LÊN CHỦ NGHĨA XÃ HỘI|1
10|Chủ nghĩa xã hội
11|Thời kỳ quá độ lên chủ nghĩa xã hội
12|Quá độ lên CNXH ở Việt Nam
13|CHƯƠNG 4: DÂN CHỦ XÃ HỘI CHỦ NGHĨA VÀ NHÀ NƯỚC XÃ HỘI CHỦ NGHĨA|1
14|Dân chủ và dân chủ XHCN
15|Nhà nước XHCN
16|Dân chủ XHCN và nhà nước pháp quyền XHCN ở Việt Nam
17|CHƯƠNG 5: CƠ CẤU XÃ HỘI – GIAI CẤP VÀ LIÊN MINH GIAI CẤP, TẦNG LỚP TRONG THỜI KỲ QUÁ ĐỘ LÊN CHỦ NGHĨA XÃ HỘI|!
18|Cơ cấu xã hội – giai cấp trong thời kỳ quá độ lên chủ nghĩa xã hội
19|Liên minh giai cấp, tầng lớp trong thời kỳ quá độ lên chủ nghĩa xã hội
20|Cơ cấu xã hội – giai cấp và liên minh giai cấp, tầng lớp trong thời kỳ quá độ lên CNXH ở Việt Nam
21|CHƯƠNG 6: VẤN ĐỀ DÂN TỘC VÀ TÔN GIÁO TRONG THỜI KỲ QUÁ ĐỘ LÊN CHỦ NGHĨA XÃ HỘI|1
22|Dân tộc trong thời kỳ quá độ lên chủ nghĩa xã hội
23|Tôn giáo trong thời kỳ quá độ lên chủ nghĩa xã hội
24|Quan hệ dân tộc và tôn giáo ở Việt Nam
25|CHƯƠNG 7: VẤN ĐỀ GIA ĐÌNH TRONG THỜI KỲ QUÁ ĐỘ LÊN CHỦ NGHĨA XÃ HỘI
26|Khái niệm, vị trí và chức năng của gia đình
27|Cơ sở xây dựng gia đình trong thời kỳ quá độ lên chủ nghĩa xã hội
28|Xây dựng gia đình Việt Nam trong thời kỳ quá độ lên chủ nghĩa xã hội